SET DATABASE SQL SYNTAX ORA TRUE;
insert into DEPARTMENT (DELETED, INSERT_DTTM, VERSION_DTTM, DSC, NAME, ID) values (false, '2017-06-20', '2017-06-20', 'Muhasebe', 'Muhasebe', 50);
insert into DEPARTMENT (DELETED, INSERT_DTTM, VERSION_DTTM, DSC, NAME, ID) values (false, '2017-06-20', '2017-06-20', 'Finans', 'Finans', 51);
insert into DEPARTMENT (DELETED, INSERT_DTTM, VERSION_DTTM, DSC, NAME, ID) values (false, '2017-06-20', '2017-06-20', 'İnsan Kaynakları', 'IK', 52);
insert into DEPARTMENT (DELETED, INSERT_DTTM, VERSION_DTTM, DSC, NAME, ID) values (false, '2017-06-20', '2017-06-20', 'Yönetim', 'Yönetim', 53);
insert into DEPARTMENT (DELETED, INSERT_DTTM, VERSION_DTTM, DSC, NAME, ID) values (false, '2017-06-20', '2017-06-20', 'Enformasyon', 'Enformasyon', 54);
insert into DEPARTMENT (DELETED, INSERT_DTTM, VERSION_DTTM, DSC, NAME, ID) values (false, '2017-06-20', '2017-06-20', 'Pazarlama', 'Pazarlama', 55);
insert into DEPARTMENT (DELETED, INSERT_DTTM, VERSION_DTTM, DSC, NAME, ID) values (false, '2017-06-20', '2017-06-20', 'Teknoloji', 'Teknoloji', 56);
insert into DEPARTMENT (DELETED, INSERT_DTTM, VERSION_DTTM, DSC, NAME, ID) values (false, '2017-06-20', '2017-06-20', 'ARGE', 'ARGE', 57);
insert into DEPARTMENT (DELETED, INSERT_DTTM, VERSION_DTTM, DSC, NAME, ID) values (false, '2017-06-20', '2017-06-20', 'Araştırma', 'Araştırma', 58);
insert into DEPARTMENT (DELETED, INSERT_DTTM, VERSION_DTTM, DSC, NAME, ID) values (false, '2017-06-20', '2017-06-20', 'Destek', 'Destek', 59);
insert into DEPARTMENT (DELETED, INSERT_DTTM, VERSION_DTTM, DSC, NAME, ID) values (false, '2017-06-20', '2017-06-20', 'Operasyon', 'Operasyon', 60);
insert into EMPLOYEE (DELETED, INSERT_DTTM, VERSION_DTTM, DEPARTMENT_ID, NAME, SALARY, SURNAME, ID) values (false, '2017-06-20', '2017-06-20', 53, 'Murat', 10000, 'Demirkol', 100);
insert into EMPLOYEE (DELETED, INSERT_DTTM, VERSION_DTTM, DEPARTMENT_ID, NAME, SALARY, SURNAME, ID) values (false, '2017-06-20', '2017-06-20', 53, 'Orhan', 8000, 'Özcan', 101);
insert into EMPLOYEE (DELETED, INSERT_DTTM, VERSION_DTTM, DEPARTMENT_ID, NAME, SALARY, SURNAME, ID) values (false, '2017-06-20', '2017-06-20', 57, 'Çağlar', 9000, 'Akkaya', 102);
insert into EMPLOYEE (DELETED, INSERT_DTTM, VERSION_DTTM, DEPARTMENT_ID, NAME, SALARY, SURNAME, ID) values (false, '2017-06-20', '2017-06-20', 58, 'Veli', 10000, 'Öztürk', 103);
insert into EMPLOYEE (DELETED, INSERT_DTTM, VERSION_DTTM, DEPARTMENT_ID, NAME, SALARY, SURNAME, ID) values (false, '2017-06-20', '2017-06-20', 56, 'Muhammed', 7000, 'Kurt', 104);
insert into EMPLOYEE (DELETED, INSERT_DTTM, VERSION_DTTM, DEPARTMENT_ID, NAME, SALARY, SURNAME, ID) values (false, '2017-06-20', '2017-06-20', 51, 'Ömer Faruk', 5000, 'Aydın', 105);
insert into EMPLOYEE (DELETED, INSERT_DTTM, VERSION_DTTM, DEPARTMENT_ID, NAME, SALARY, SURNAME, ID) values (false, '2017-06-20', '2017-06-20', 55, 'Ömer', 6000, 'Ceyhan', 106);
insert into EMPLOYEE (DELETED, INSERT_DTTM, VERSION_DTTM, DEPARTMENT_ID, NAME, SALARY, SURNAME, ID) values (false, '2017-06-20', '2017-06-20', 52, 'Elgiz', 3000, 'Özaydın', 107);
insert into EMPLOYEE (DELETED, INSERT_DTTM, VERSION_DTTM, DEPARTMENT_ID, NAME, SALARY, SURNAME, ID) values (false, '2017-06-20', '2017-06-20', 59, 'Yusuf', 5000, 'KArslı', 108);
insert into EMPLOYEE (DELETED, INSERT_DTTM, VERSION_DTTM, DEPARTMENT_ID, NAME, SALARY, SURNAME, ID) values (false, '2017-06-20', '2017-06-20', 54, 'Banu', 6250, 'Gökçe', 109);
insert into EMPLOYEE (DELETED, INSERT_DTTM, VERSION_DTTM, DEPARTMENT_ID, NAME, SALARY, SURNAME, ID) values (false, '2017-06-20', '2017-06-20', 60, 'Habib', 6555, 'Kara', 110);
insert into MEETING (DELETED, INSERT_DTTM, VERSION_DTTM, DSC, NAME, ID) values (false, '2017-06-20', '2017-06-20', 'Haftalık Toplantı', 'Haftalık Toplantı', 200);
insert into MEETING (DELETED, INSERT_DTTM, VERSION_DTTM, DSC, NAME, ID) values (false, '2017-06-20', '2017-06-20', 'Aylık Toplantı', 'Aylık Toplantı', 201);
insert into MEETING (DELETED, INSERT_DTTM, VERSION_DTTM, DSC, NAME, ID) values (false, '2017-06-20', '2017-06-20', 'Yıllık Toplantı', 'Yıllık Toplantı', 202);
insert into MEETING (DELETED, INSERT_DTTM, VERSION_DTTM, DSC, NAME, ID) values (false, '2017-06-20', '2017-06-20', 'Günlük Toplantı', 'Günlük Toplantı', 203);
insert into MEETING (DELETED, INSERT_DTTM, VERSION_DTTM, DSC, NAME, ID) values (false, '2017-06-20', '2017-06-20', 'Özel', 'Özel Toplantı', 204);
insert into MEETING (DELETED, INSERT_DTTM, VERSION_DTTM, DSC, NAME, ID) values (false, '2017-06-20', '2017-06-20', 'JavaScript 2017', 'JavaScript', 205);
insert into MEETING (DELETED, INSERT_DTTM, VERSION_DTTM, DSC, NAME, ID) values (false, '2017-06-20', '2017-06-20', 'Java DevTools', 'DevTools', 206);